slot,rate [ct./kWh],energy [kWh],seller
2021-10-06T00:00:00,30.0,9223372036854775807,Market Maker
2021-10-06T00:15:00,30.0,9223372036854775807,Market Maker
2021-10-06T00:30:00,30.0,9223372036854775807,Market Maker
2021-10-06T00:45:00,30.0,9223372036854775807,Market Maker
2021-10-06T01:00:00,30.0,9223372036854775807,Market Maker
2021-10-06T01:15:00,30.0,9223372036854775807,Market Maker
2021-10-06T01:30:00,30.0,9223372036854775807,Market Maker
2021-10-06T01:45:00,30.0,9223372036854775807,Market Maker
2021-10-06T02:00:00,30.0,9223372036854775807,Market Maker
2021-10-06T02:15:00,30.0,9223372036854775807,Market Maker
2021-10-06T02:30:00,30.0,9223372036854775807,Market Maker
2021-10-06T02:45:00,30.0,9223372036854775807,Market Maker
2021-10-06T03:00:00,30.0,9223372036854775807,Market Maker
2021-10-06T03:15:00,30.0,9223372036854775807,Market Maker
2021-10-06T03:30:00,30.0,9223372036854775807,Market Maker
2021-10-06T03:45:00,30.0,9223372036854775807,Market Maker
2021-10-06T04:00:00,30.0,9223372036854775807,Market Maker
2021-10-06T04:15:00,30.0,9223372036854775807,Market Maker
2021-10-06T04:30:00,30.0,9223372036854775807,Market Maker
2021-10-06T04:45:00,30.0,9223372036854775807,Market Maker
2021-10-06T05:00:00,30.0,9223372036854775807,Market Maker
2021-10-06T05:15:00,30.0,9223372036854775807,Market Maker
2021-10-06T05:15:00,30.0,0.003125,PV
2021-10-06T05:15:00,30.0,0.003125,PV
2021-10-06T05:16:00,27.857142848,0.003125,PV
2021-10-06T05:17:00,25.714285727999997,0.003125,PV
2021-10-06T05:18:00,23.571428576,0.003125,PV
2021-10-06T05:19:00,21.428571423999998,0.003125,PV
2021-10-06T05:20:00,19.285714272,0.003125,PV
2021-10-06T05:21:00,17.142857151999998,0.003125,PV
2021-10-06T05:22:00,15.0,0.003125,PV
2021-10-06T05:23:00,12.857142848,0.003125,PV
2021-10-06T05:24:00,10.714285727999998,0.003125,PV
2021-10-06T05:25:00,8.571428575999999,0.003125,PV
2021-10-06T05:26:00,6.428571424,0.003125,PV
2021-10-06T05:27:00,4.285714272,0.003125,PV
2021-10-06T05:28:00,2.142857152,0.003125,PV
2021-10-06T05:29:00,0.0,0.003125,PV
2021-10-06T05:30:00,30.0,9223372036854775807,Market Maker
2021-10-06T05:30:00,30.0,0.003125,PV
2021-10-06T05:30:00,30.0,0.003125,PV
2021-10-06T05:31:00,27.857142848,0.003125,PV
2021-10-06T05:32:00,25.714285727999997,0.003125,PV
2021-10-06T05:33:00,23.571428576,0.003125,PV
2021-10-06T05:34:00,21.428571423999998,0.003125,PV
2021-10-06T05:35:00,19.285714272,0.003125,PV
2021-10-06T05:36:00,17.142857151999998,0.003125,PV
2021-10-06T05:37:00,15.0,0.003125,PV
2021-10-06T05:38:00,12.857142848,0.003125,PV
2021-10-06T05:39:00,10.714285727999998,0.003125,PV
2021-10-06T05:40:00,8.571428575999999,0.003125,PV
2021-10-06T05:41:00,6.428571424,0.003125,PV
2021-10-06T05:42:00,4.285714272,0.003125,PV
2021-10-06T05:43:00,2.142857152,0.003125,PV
2021-10-06T05:44:00,0.0,0.003125,PV
2021-10-06T05:45:00,30.0,9223372036854775807,Market Maker
2021-10-06T05:45:00,30.0,0.003125,PV
2021-10-06T05:45:00,30.0,0.003125,PV
2021-10-06T05:46:00,27.857142848,0.003125,PV
2021-10-06T05:47:00,25.714285727999997,0.003125,PV
2021-10-06T05:48:00,23.571428576,0.003125,PV
2021-10-06T05:49:00,21.428571423999998,0.003125,PV
2021-10-06T05:50:00,19.285714272,0.003125,PV
2021-10-06T05:51:00,17.142857151999998,0.003125,PV
2021-10-06T05:52:00,15.0,0.003125,PV
2021-10-06T05:53:00,12.857142848,0.003125,PV
2021-10-06T05:54:00,10.714285727999998,0.003125,PV
2021-10-06T05:55:00,8.571428575999999,0.003125,PV
2021-10-06T05:56:00,6.428571424,0.003125,PV
2021-10-06T05:57:00,4.285714272,0.003125,PV
2021-10-06T05:58:00,2.142857152,0.003125,PV
2021-10-06T05:59:00,0.0,0.003125,PV
2021-10-06T06:00:00,30.0,9223372036854775807,Market Maker
2021-10-06T06:00:00,30.0,0.003125,PV
2021-10-06T06:00:00,30.0,0.003125,PV
2021-10-06T06:01:00,27.857142848,0.003125,PV
2021-10-06T06:02:00,25.714285727999997,0.003125,PV
2021-10-06T06:03:00,23.571428576,0.003125,PV
2021-10-06T06:04:00,21.428571423999998,0.003125,PV
2021-10-06T06:05:00,19.285714272,0.003125,PV
2021-10-06T06:06:00,17.142857151999998,0.003125,PV
2021-10-06T06:07:00,15.0,0.003125,PV
2021-10-06T06:08:00,12.857142848,0.003125,PV
2021-10-06T06:09:00,10.714285727999998,0.003125,PV
2021-10-06T06:10:00,8.571428575999999,0.003125,PV
2021-10-06T06:11:00,6.428571424,0.003125,PV
2021-10-06T06:12:00,4.285714272,0.003125,PV
2021-10-06T06:13:00,2.142857152,0.003125,PV
2021-10-06T06:14:00,0.0,0.003125,PV
2021-10-06T06:15:00,30.0,9223372036854775807,Market Maker
2021-10-06T06:15:00,30.0,0.009375,PV
2021-10-06T06:15:00,30.0,0.009375,PV
2021-10-06T06:16:00,27.857142858666666,0.009375,PV
2021-10-06T06:17:00,25.714285717333333,0.009375,PV
2021-10-06T06:18:00,23.571428576000002,0.009375,PV
2021-10-06T06:19:00,21.428571424,0.009375,PV
2021-10-06T06:20:00,19.285714282666667,0.009375,PV
2021-10-06T06:21:00,17.142857141333334,0.009375,PV
2021-10-06T06:22:00,15.0,0.009375,PV
2021-10-06T06:23:00,12.857142858666666,0.009375,PV
2021-10-06T06:24:00,10.714285717333334,0.009375,PV
2021-10-06T06:25:00,8.571428576,0.009375,PV
2021-10-06T06:26:00,6.428571424,0.009375,PV
2021-10-06T06:27:00,4.285714282666667,0.009375,PV
2021-10-06T06:28:00,2.1428571413333337,0.009375,PV
2021-10-06T06:29:00,0.0,0.009375,PV
2021-10-06T06:30:00,30.0,9223372036854775807,Market Maker
2021-10-06T06:30:00,30.0,0.009375,PV
2021-10-06T06:30:00,30.0,0.009375,PV
2021-10-06T06:31:00,27.857142858666666,0.009375,PV
2021-10-06T06:32:00,25.714285717333333,0.009375,PV
2021-10-06T06:33:00,23.571428576000002,0.009375,PV
2021-10-06T06:34:00,21.428571424,0.009375,PV
2021-10-06T06:35:00,19.285714282666667,0.009375,PV
2021-10-06T06:36:00,17.142857141333334,0.009375,PV
2021-10-06T06:37:00,15.0,0.009375,PV
2021-10-06T06:38:00,12.857142858666666,0.009375,PV
2021-10-06T06:39:00,10.714285717333334,0.009375,PV
2021-10-06T06:40:00,8.571428576,0.009375,PV
2021-10-06T06:41:00,6.428571424,0.009375,PV
2021-10-06T06:42:00,4.285714282666667,0.009375,PV
2021-10-06T06:43:00,2.1428571413333337,0.009375,PV
2021-10-06T06:44:00,0.0,0.009375,PV
2021-10-06T06:45:00,30.0,0.009375,PV
2021-10-06T06:45:00,30.0,9223372036854775807,Market Maker
2021-10-06T06:45:00,30.0,0.009375,PV
2021-10-06T06:46:00,27.857142858666666,0.009375,PV
2021-10-06T06:47:00,25.714285717333333,0.009375,PV
2021-10-06T06:48:00,23.571428576000002,0.009375,PV
2021-10-06T06:49:00,21.428571424,0.009375,PV
2021-10-06T06:50:00,19.285714282666667,0.009375,PV
2021-10-06T06:51:00,17.142857141333334,0.009375,PV
2021-10-06T06:52:00,15.0,0.009375,PV
2021-10-06T06:53:00,12.857142858666666,0.009375,PV
2021-10-06T06:54:00,10.714285717333334,0.009375,PV
2021-10-06T06:55:00,8.571428576,0.009375,PV
2021-10-06T06:56:00,6.428571424,0.009375,PV
2021-10-06T06:57:00,4.285714282666667,0.009375,PV
2021-10-06T06:58:00,2.1428571413333337,0.009375,PV
2021-10-06T06:59:00,0.0,0.009375,PV
2021-10-06T07:00:00,30.0,9223372036854775807,Market Maker
2021-10-06T07:00:00,30.0,0.009375,PV
2021-10-06T07:00:00,30.0,0.009375,PV
2021-10-06T07:01:00,27.857142858666666,0.009375,PV
2021-10-06T07:02:00,25.714285717333333,0.009375,PV
2021-10-06T07:03:00,23.571428576000002,0.009375,PV
2021-10-06T07:04:00,21.428571424,0.009375,PV
2021-10-06T07:05:00,19.285714282666667,0.009375,PV
2021-10-06T07:06:00,17.142857141333334,0.009375,PV
2021-10-06T07:07:00,15.0,0.009375,PV
2021-10-06T07:08:00,12.857142858666666,0.009375,PV
2021-10-06T07:09:00,10.714285717333334,0.009375,PV
2021-10-06T07:10:00,8.571428576,0.009375,PV
2021-10-06T07:11:00,6.428571424,0.009375,PV
2021-10-06T07:12:00,4.285714282666667,0.009375,PV
2021-10-06T07:13:00,2.1428571413333337,0.009375,PV
2021-10-06T07:14:00,0.0,0.009375,PV
2021-10-06T07:15:00,30.0,0.01875,PV
2021-10-06T07:15:00,30.0,9223372036854775807,Market Maker
2021-10-06T07:15:00,30.0,0.01875,PV
2021-10-06T07:16:00,27.857142858666666,0.01875,PV
2021-10-06T07:17:00,25.714285712,0.01875,PV
2021-10-06T07:18:00,23.57142857066667,0.01875,PV
2021-10-06T07:19:00,21.428571429333335,0.01875,PV
2021-10-06T07:20:00,19.285714288,0.01875,PV
2021-10-06T07:21:00,17.142857141333334,0.01875,PV
2021-10-06T07:22:00,15.0,0.01875,PV
2021-10-06T07:23:00,12.857142858666666,0.01875,PV
2021-10-06T07:24:00,10.714285712,0.01875,PV
2021-10-06T07:25:00,8.571428570666667,0.01875,PV
2021-10-06T07:26:00,6.428571429333333,0.01875,PV
2021-10-06T07:27:00,4.285714288,0.01875,PV
2021-10-06T07:28:00,2.1428571413333337,0.01875,PV
2021-10-06T07:29:00,0.0,0.01875,PV
2021-10-06T07:30:00,30.0,9223372036854775807,Market Maker
2021-10-06T07:30:00,30.0,0.01875,PV
2021-10-06T07:30:00,30.0,0.01875,PV
2021-10-06T07:31:00,27.857142858666666,0.01875,PV
2021-10-06T07:32:00,25.714285712,0.01875,PV
2021-10-06T07:33:00,23.57142857066667,0.01875,PV
2021-10-06T07:34:00,21.428571429333335,0.01875,PV
2021-10-06T07:35:00,19.285714288,0.01875,PV
2021-10-06T07:36:00,17.142857141333334,0.01875,PV
2021-10-06T07:37:00,15.0,0.01875,PV
2021-10-06T07:38:00,12.857142858666666,0.01875,PV
2021-10-06T07:39:00,10.714285712,0.01875,PV
2021-10-06T07:40:00,8.571428570666667,0.01875,PV
2021-10-06T07:41:00,6.428571429333333,0.01875,PV
2021-10-06T07:42:00,4.285714288,0.01875,PV
2021-10-06T07:43:00,2.1428571413333337,0.01875,PV
2021-10-06T07:44:00,0.0,0.01875,PV
2021-10-06T07:45:00,30.0,9223372036854775807,Market Maker
2021-10-06T07:45:00,30.0,0.01875,PV
2021-10-06T07:45:00,30.0,0.01875,PV
2021-10-06T07:46:00,27.857142858666666,0.01875,PV
2021-10-06T07:47:00,25.714285712,0.01875,PV
2021-10-06T07:48:00,23.57142857066667,0.01875,PV
2021-10-06T07:49:00,21.428571429333335,0.01875,PV
2021-10-06T07:50:00,19.285714288,0.01875,PV
2021-10-06T07:51:00,17.142857141333334,0.01875,PV
2021-10-06T07:52:00,15.0,0.01875,PV
2021-10-06T07:53:00,12.857142858666666,0.01875,PV
2021-10-06T07:54:00,10.714285712,0.01875,PV
2021-10-06T07:55:00,8.571428570666667,0.01875,PV
2021-10-06T07:56:00,6.428571429333333,0.01875,PV
2021-10-06T07:57:00,4.285714288,0.01875,PV
2021-10-06T07:58:00,2.1428571413333337,0.01875,PV
2021-10-06T07:59:00,0.0,0.01875,PV
2021-10-06T08:00:00,30.0,0.01875,PV
2021-10-06T08:00:00,30.0,9223372036854775807,Market Maker
2021-10-06T08:00:00,30.0,0.01875,PV
2021-10-06T08:01:00,27.857142858666666,0.01875,PV
2021-10-06T08:02:00,25.714285712,0.01875,PV
2021-10-06T08:03:00,23.57142857066667,0.01875,PV
2021-10-06T08:04:00,21.428571429333335,0.01875,PV
2021-10-06T08:05:00,19.285714288,0.01875,PV
2021-10-06T08:06:00,17.142857141333334,0.01875,PV
2021-10-06T08:07:00,15.0,0.01875,PV
2021-10-06T08:08:00,12.857142858666666,0.01875,PV
2021-10-06T08:09:00,10.714285712,0.01875,PV
2021-10-06T08:10:00,8.571428570666667,0.01875,PV
2021-10-06T08:11:00,6.428571429333333,0.01875,PV
2021-10-06T08:12:00,4.285714288,0.01875,PV
2021-10-06T08:13:00,2.1428571413333337,0.01875,PV
2021-10-06T08:14:00,0.0,0.01875,PV
2021-10-06T08:15:00,30.0,0.03125,PV
2021-10-06T08:15:00,30.0,9223372036854775807,Market Maker
2021-10-06T08:15:00,30.0,0.03125,PV
2021-10-06T08:16:00,27.8571428576,0.03125,PV
2021-10-06T08:17:00,25.7142857152,0.03125,PV
2021-10-06T08:18:00,23.5714285728,0.03125,PV
2021-10-06T08:19:00,21.4285714272,0.03125,PV
2021-10-06T08:20:00,19.2857142848,0.03125,PV
2021-10-06T08:21:00,17.1428571424,0.03125,PV
2021-10-06T08:22:00,15.0,0.03125,PV
2021-10-06T08:23:00,12.8571428576,0.03125,PV
2021-10-06T08:24:00,10.7142857152,0.03125,PV
2021-10-06T08:25:00,8.5714285728,0.03125,PV
2021-10-06T08:26:00,6.4285714272,0.03125,PV
2021-10-06T08:27:00,4.2857142848,0.03125,PV
2021-10-06T08:28:00,2.1428571424,0.03125,PV
2021-10-06T08:29:00,0.0,0.03125,PV
2021-10-06T08:30:00,30.0,9223372036854775807,Market Maker
2021-10-06T08:30:00,30.0,0.03125,PV
2021-10-06T08:30:00,30.0,0.03125,PV
2021-10-06T08:31:00,27.8571428576,0.03125,PV
2021-10-06T08:32:00,25.7142857152,0.03125,PV
2021-10-06T08:33:00,23.5714285728,0.03125,PV
2021-10-06T08:34:00,21.4285714272,0.03125,PV
2021-10-06T08:35:00,19.2857142848,0.03125,PV
2021-10-06T08:36:00,17.1428571424,0.03125,PV
2021-10-06T08:37:00,15.0,0.03125,PV
2021-10-06T08:38:00,12.8571428576,0.03125,PV
2021-10-06T08:39:00,10.7142857152,0.03125,PV
2021-10-06T08:40:00,8.5714285728,0.03125,PV
2021-10-06T08:41:00,6.4285714272,0.03125,PV
2021-10-06T08:42:00,4.2857142848,0.03125,PV
2021-10-06T08:43:00,2.1428571424,0.03125,PV
2021-10-06T08:44:00,0.0,0.03125,PV
2021-10-06T08:45:00,30.0,0.028125,PV
2021-10-06T08:45:00,30.0,9223372036854775807,Market Maker
2021-10-06T08:45:00,30.0,0.028125,PV
2021-10-06T08:46:00,27.857142858666663,0.028125,PV
2021-10-06T08:47:00,25.714285713777777,0.028125,PV
2021-10-06T08:48:00,23.571428572444443,0.028125,PV
2021-10-06T08:49:00,21.428571427555557,0.028125,PV
2021-10-06T08:50:00,19.28571428622222,0.028125,PV
2021-10-06T08:51:00,17.142857141333334,0.028125,PV
2021-10-06T08:52:00,15.0,0.028125,PV
2021-10-06T08:53:00,12.857142858666666,0.028125,PV
2021-10-06T08:54:00,10.714285713777778,0.028125,PV
2021-10-06T08:55:00,8.571428572444445,0.028125,PV
2021-10-06T08:56:00,6.428571427555555,0.028125,PV
2021-10-06T08:57:00,4.285714286222222,0.028125,PV
2021-10-06T08:58:00,2.1428571413333333,0.028125,PV
2021-10-06T08:59:00,0.0,0.028125,PV
2021-10-06T09:00:00,30.0,0.03125,PV
2021-10-06T09:00:00,30.0,9223372036854775807,Market Maker
2021-10-06T09:00:00,30.0,0.03125,PV
2021-10-06T09:01:00,27.8571428576,0.03125,PV
2021-10-06T09:02:00,25.7142857152,0.03125,PV
2021-10-06T09:03:00,23.5714285728,0.03125,PV
2021-10-06T09:04:00,21.4285714272,0.03125,PV
2021-10-06T09:05:00,19.2857142848,0.03125,PV
2021-10-06T09:06:00,17.1428571424,0.03125,PV
2021-10-06T09:07:00,15.0,0.03125,PV
2021-10-06T09:08:00,12.8571428576,0.03125,PV
2021-10-06T09:09:00,10.7142857152,0.03125,PV
2021-10-06T09:10:00,8.5714285728,0.03125,PV
2021-10-06T09:11:00,6.4285714272,0.03125,PV
2021-10-06T09:12:00,4.2857142848,0.03125,PV
2021-10-06T09:13:00,2.1428571424,0.03125,PV
2021-10-06T09:14:00,0.0,0.03125,PV
2021-10-06T09:15:00,30.0,0.040625,PV
2021-10-06T09:15:00,30.0,9223372036854775807,Market Maker
2021-10-06T09:15:00,30.0,0.040625,PV
2021-10-06T09:16:00,27.857142857846153,0.040625,PV
2021-10-06T09:17:00,25.714285713230765,0.040625,PV
2021-10-06T09:18:00,23.571428571076922,0.040625,PV
2021-10-06T09:19:00,21.428571428923075,0.040625,PV
2021-10-06T09:20:00,19.285714286769227,0.040625,PV
2021-10-06T09:21:00,17.142857142153847,0.040625,PV
2021-10-06T09:22:00,15.0,0.040625,PV
2021-10-06T09:23:00,12.857142857846153,0.040625,PV
2021-10-06T09:24:00,10.714285713230769,0.040625,PV
2021-10-06T09:25:00,8.571428571076924,0.040625,PV
2021-10-06T09:26:00,6.428571428923076,0.040625,PV
2021-10-06T09:27:00,4.285714286769231,0.040625,PV
2021-10-06T09:28:00,2.1428571421538463,0.040625,PV
2021-10-06T09:29:00,0.0,0.040625,PV
2021-10-06T09:30:00,30.0,9223372036854775807,Market Maker
2021-10-06T09:30:00,29.999999999999996,0.034375,PV
2021-10-06T09:30:00,29.999999999999996,0.034375,PV
2021-10-06T09:31:00,27.857142856727272,0.034375,PV
2021-10-06T09:32:00,25.714285713454544,0.034375,PV
2021-10-06T09:33:00,23.57142857018182,0.034375,PV
2021-10-06T09:34:00,21.428571429818177,0.034375,PV
2021-10-06T09:35:00,19.285714286545453,0.034375,PV
2021-10-06T09:36:00,17.142857143272725,0.034375,PV
2021-10-06T09:37:00,14.999999999999998,0.034375,PV
2021-10-06T09:38:00,12.857142856727272,0.034375,PV
2021-10-06T09:39:00,10.714285713454544,0.034375,PV
2021-10-06T09:40:00,8.571428570181817,0.034375,PV
2021-10-06T09:41:00,6.428571429818182,0.034375,PV
2021-10-06T09:42:00,4.2857142865454545,0.034375,PV
2021-10-06T09:43:00,2.1428571432727272,0.034375,PV
2021-10-06T09:44:00,0.0,0.034375,PV
2021-10-06T09:45:00,30.0,9223372036854775807,Market Maker
2021-10-06T09:45:00,30.0,0.040625,PV
2021-10-06T09:45:00,30.0,0.040625,PV
2021-10-06T09:46:00,27.857142857846153,0.040625,PV
2021-10-06T09:47:00,25.714285713230765,0.040625,PV
2021-10-06T09:48:00,23.571428571076922,0.040625,PV
2021-10-06T09:49:00,21.428571428923075,0.040625,PV
2021-10-06T09:50:00,19.285714286769227,0.040625,PV
2021-10-06T09:51:00,17.142857142153847,0.040625,PV
2021-10-06T09:52:00,15.0,0.040625,PV
2021-10-06T09:53:00,12.857142857846153,0.040625,PV
2021-10-06T09:54:00,10.714285713230769,0.040625,PV
2021-10-06T09:55:00,8.571428571076924,0.040625,PV
2021-10-06T09:56:00,6.428571428923076,0.040625,PV
2021-10-06T09:57:00,4.285714286769231,0.040625,PV
2021-10-06T09:58:00,2.1428571421538463,0.040625,PV
2021-10-06T09:59:00,0.0,0.040625,PV
2021-10-06T10:00:00,30.0,9223372036854775807,Market Maker
2021-10-06T10:00:00,30.0,0.0375,PV
2021-10-06T10:00:00,30.0,0.0375,PV
2021-10-06T10:01:00,27.857142856,0.0375,PV
2021-10-06T10:02:00,25.714285714666666,0.0375,PV
2021-10-06T10:03:00,23.57142857066667,0.0375,PV
2021-10-06T10:04:00,21.428571429333335,0.0375,PV
2021-10-06T10:05:00,19.285714285333334,0.0375,PV
2021-10-06T10:06:00,17.142857144,0.0375,PV
2021-10-06T10:07:00,15.0,0.0375,PV
2021-10-06T10:08:00,12.857142856,0.0375,PV
2021-10-06T10:09:00,10.714285714666667,0.0375,PV
2021-10-06T10:10:00,8.571428570666667,0.0375,PV
2021-10-06T10:11:00,6.428571429333333,0.0375,PV
2021-10-06T10:12:00,4.285714285333333,0.0375,PV
2021-10-06T10:13:00,2.142857144,0.0375,PV
2021-10-06T10:14:00,0.0,0.0375,PV
2021-10-06T10:15:00,30.0,9223372036854775807,Market Maker
2021-10-06T10:15:00,30.0,0.046875,PV
2021-10-06T10:15:00,30.0,0.046875,PV
2021-10-06T10:16:00,27.857142856533333,0.046875,PV
2021-10-06T10:17:00,25.714285715200003,0.046875,PV
2021-10-06T10:18:00,23.571428571733335,0.046875,PV
2021-10-06T10:19:00,21.428571428266665,0.046875,PV
2021-10-06T10:20:00,19.2857142848,0.046875,PV
2021-10-06T10:21:00,17.142857143466667,0.046875,PV
2021-10-06T10:22:00,15.0,0.046875,PV
2021-10-06T10:23:00,12.857142856533335,0.046875,PV
2021-10-06T10:24:00,10.714285715199999,0.046875,PV
2021-10-06T10:25:00,8.571428571733334,0.046875,PV
2021-10-06T10:26:00,6.428571428266667,0.046875,PV
2021-10-06T10:27:00,4.2857142848,0.046875,PV
2021-10-06T10:28:00,2.142857143466667,0.046875,PV
2021-10-06T10:29:00,0.0,0.046875,PV
2021-10-06T10:30:00,30.0,9223372036854775807,Market Maker
2021-10-06T10:30:00,30.0,0.040625,PV
2021-10-06T10:30:00,30.0,0.040625,PV
2021-10-06T10:31:00,27.857142857846153,0.040625,PV
2021-10-06T10:32:00,25.714285713230765,0.040625,PV
2021-10-06T10:33:00,23.571428571076922,0.040625,PV
2021-10-06T10:34:00,21.428571428923075,0.040625,PV
2021-10-06T10:35:00,19.285714286769227,0.040625,PV
2021-10-06T10:36:00,17.142857142153847,0.040625,PV
2021-10-06T10:37:00,15.0,0.040625,PV
2021-10-06T10:38:00,12.857142857846153,0.040625,PV
2021-10-06T10:39:00,10.714285713230769,0.040625,PV
2021-10-06T10:40:00,8.571428571076924,0.040625,PV
2021-10-06T10:41:00,6.428571428923076,0.040625,PV
2021-10-06T10:42:00,4.285714286769231,0.040625,PV
2021-10-06T10:43:00,2.1428571421538463,0.040625,PV
2021-10-06T10:44:00,0.0,0.040625,PV
2021-10-06T10:45:00,30.0,9223372036854775807,Market Maker
2021-10-06T10:45:00,30.000000000000004,0.04375,PV
2021-10-06T10:45:00,30.000000000000004,0.04375,PV
2021-10-06T10:46:00,27.857142857142858,0.04375,PV
2021-10-06T10:47:00,25.714285714285715,0.04375,PV
2021-10-06T10:48:00,23.571428571428573,0.04375,PV
2021-10-06T10:49:00,21.42857142857143,0.04375,PV
2021-10-06T10:50:00,19.28571428571429,0.04375,PV
2021-10-06T10:51:00,17.142857142857142,0.04375,PV
2021-10-06T10:52:00,15.000000000000002,0.04375,PV
2021-10-06T10:53:00,12.857142857142858,0.04375,PV
2021-10-06T10:54:00,10.714285714285715,0.04375,PV
2021-10-06T10:55:00,8.571428571428571,0.04375,PV
2021-10-06T10:56:00,6.428571428571429,0.04375,PV
2021-10-06T10:57:00,4.285714285714286,0.04375,PV
2021-10-06T10:58:00,2.142857142857143,0.04375,PV
2021-10-06T10:59:00,0.0,0.04375,PV
2021-10-06T11:00:00,30.0,9223372036854775807,Market Maker
2021-10-06T11:00:00,30.0,0.040625,PV
2021-10-06T11:00:00,30.0,0.040625,PV
2021-10-06T11:01:00,27.857142857846153,0.040625,PV
2021-10-06T11:02:00,25.714285713230765,0.040625,PV
2021-10-06T11:03:00,23.571428571076922,0.040625,PV
2021-10-06T11:04:00,21.428571428923075,0.040625,PV
2021-10-06T11:05:00,19.285714286769227,0.040625,PV
2021-10-06T11:06:00,17.142857142153847,0.040625,PV
2021-10-06T11:07:00,15.0,0.040625,PV
2021-10-06T11:08:00,12.857142857846153,0.040625,PV
2021-10-06T11:09:00,10.714285713230769,0.040625,PV
2021-10-06T11:10:00,8.571428571076924,0.040625,PV
2021-10-06T11:11:00,6.428571428923076,0.040625,PV
2021-10-06T11:12:00,4.285714286769231,0.040625,PV
2021-10-06T11:13:00,2.1428571421538463,0.040625,PV
2021-10-06T11:14:00,0.0,0.040625,PV
2021-10-06T11:15:00,30.0,0.05,PV
2021-10-06T11:15:00,30.0,9223372036854775807,Market Maker
2021-10-06T11:15:00,30.0,0.05,PV
2021-10-06T11:16:00,27.857142858,0.05,PV
2021-10-06T11:17:00,25.714285713999995,0.05,PV
2021-10-06T11:18:00,23.571428572,0.05,PV
2021-10-06T11:19:00,21.428571427999998,0.05,PV
2021-10-06T11:20:00,19.285714285999997,0.05,PV
2021-10-06T11:21:00,17.142857142,0.05,PV
2021-10-06T11:22:00,15.0,0.05,PV
2021-10-06T11:23:00,12.857142857999998,0.05,PV
2021-10-06T11:24:00,10.714285713999999,0.05,PV
2021-10-06T11:25:00,8.571428572,0.05,PV
2021-10-06T11:26:00,6.428571427999999,0.05,PV
2021-10-06T11:27:00,4.285714286,0.05,PV
2021-10-06T11:28:00,2.142857142,0.05,PV
2021-10-06T11:29:00,0.0,0.05,PV
2021-10-06T11:30:00,30.0,0.053125,PV
2021-10-06T11:30:00,30.0,9223372036854775807,Market Maker
2021-10-06T11:30:00,30.0,0.053125,PV
2021-10-06T11:31:00,27.857142857411766,0.053125,PV
2021-10-06T11:32:00,25.71428571482353,0.053125,PV
2021-10-06T11:33:00,23.571428572235295,0.053125,PV
2021-10-06T11:34:00,21.428571427764705,0.053125,PV
2021-10-06T11:35:00,19.28571428517647,0.053125,PV
2021-10-06T11:36:00,17.142857142588237,0.053125,PV
2021-10-06T11:37:00,15.0,0.053125,PV
2021-10-06T11:38:00,12.857142857411764,0.053125,PV
2021-10-06T11:39:00,10.714285714823529,0.053125,PV
2021-10-06T11:40:00,8.571428572235295,0.053125,PV
2021-10-06T11:41:00,6.428571427764706,0.053125,PV
2021-10-06T11:42:00,4.2857142851764705,0.053125,PV
2021-10-06T11:43:00,2.1428571425882352,0.053125,PV
2021-10-06T11:44:00,0.0,0.053125,PV
2021-10-06T11:45:00,30.0,9223372036854775807,Market Maker
2021-10-06T11:45:00,30.0,0.05,PV
2021-10-06T11:45:00,30.0,0.05,PV
2021-10-06T11:46:00,27.857142858,0.05,PV
2021-10-06T11:47:00,25.714285713999995,0.05,PV
2021-10-06T11:48:00,23.571428572,0.05,PV
2021-10-06T11:49:00,21.428571427999998,0.05,PV
2021-10-06T11:50:00,19.285714285999997,0.05,PV
2021-10-06T11:51:00,17.142857142,0.05,PV
2021-10-06T11:52:00,15.0,0.05,PV
2021-10-06T11:53:00,12.857142857999998,0.05,PV
2021-10-06T11:54:00,10.714285713999999,0.05,PV
2021-10-06T11:55:00,8.571428572,0.05,PV
2021-10-06T11:56:00,6.428571427999999,0.05,PV
2021-10-06T11:57:00,4.285714286,0.05,PV
2021-10-06T11:58:00,2.142857142,0.05,PV
2021-10-06T11:59:00,0.0,0.05,PV
2021-10-06T12:00:00,30.0,0.05,PV
2021-10-06T12:00:00,30.0,9223372036854775807,Market Maker
2021-10-06T12:00:00,30.0,0.05,PV
2021-10-06T12:01:00,27.857142858,0.05,PV
2021-10-06T12:02:00,25.714285713999995,0.05,PV
2021-10-06T12:03:00,23.571428572,0.05,PV
2021-10-06T12:04:00,21.428571427999998,0.05,PV
2021-10-06T12:05:00,19.285714285999997,0.05,PV
2021-10-06T12:06:00,17.142857142,0.05,PV
2021-10-06T12:07:00,15.0,0.05,PV
2021-10-06T12:08:00,12.857142857999998,0.05,PV
2021-10-06T12:09:00,10.714285713999999,0.05,PV
2021-10-06T12:10:00,8.571428572,0.05,PV
2021-10-06T12:11:00,6.428571427999999,0.05,PV
2021-10-06T12:12:00,4.285714286,0.05,PV
2021-10-06T12:13:00,2.142857142,0.05,PV
2021-10-06T12:14:00,0.0,0.05,PV
2021-10-06T12:15:00,30.0,9223372036854775807,Market Maker
2021-10-06T12:15:00,30.000000000000004,0.04375,PV
2021-10-06T12:15:00,30.000000000000004,0.04375,PV
2021-10-06T12:16:00,27.857142857142858,0.04375,PV
2021-10-06T12:17:00,25.714285714285715,0.04375,PV
2021-10-06T12:18:00,23.571428571428573,0.04375,PV
2021-10-06T12:19:00,21.42857142857143,0.04375,PV
2021-10-06T12:20:00,19.28571428571429,0.04375,PV
2021-10-06T12:21:00,17.142857142857142,0.04375,PV
2021-10-06T12:22:00,15.000000000000002,0.04375,PV
2021-10-06T12:23:00,12.857142857142858,0.04375,PV
2021-10-06T12:24:00,10.714285714285715,0.04375,PV
2021-10-06T12:25:00,8.571428571428571,0.04375,PV
2021-10-06T12:26:00,6.428571428571429,0.04375,PV
2021-10-06T12:27:00,4.285714285714286,0.04375,PV
2021-10-06T12:28:00,2.142857142857143,0.04375,PV
2021-10-06T12:29:00,0.0,0.04375,PV
2021-10-06T12:30:00,30.0,9223372036854775807,Market Maker
2021-10-06T12:30:00,30.0,0.040625,PV
2021-10-06T12:30:00,30.0,0.040625,PV
2021-10-06T12:31:00,27.857142857846153,0.040625,PV
2021-10-06T12:32:00,25.714285713230765,0.040625,PV
2021-10-06T12:33:00,23.571428571076922,0.040625,PV
2021-10-06T12:34:00,21.428571428923075,0.040625,PV
2021-10-06T12:35:00,19.285714286769227,0.040625,PV
2021-10-06T12:36:00,17.142857142153847,0.040625,PV
2021-10-06T12:37:00,15.0,0.040625,PV
2021-10-06T12:38:00,12.857142857846153,0.040625,PV
2021-10-06T12:39:00,10.714285713230769,0.040625,PV
2021-10-06T12:40:00,8.571428571076924,0.040625,PV
2021-10-06T12:41:00,6.428571428923076,0.040625,PV
2021-10-06T12:42:00,4.285714286769231,0.040625,PV
2021-10-06T12:43:00,2.1428571421538463,0.040625,PV
2021-10-06T12:44:00,0.0,0.040625,PV
2021-10-06T12:45:00,30.0,0.046875,PV
2021-10-06T12:45:00,30.0,9223372036854775807,Market Maker
2021-10-06T12:45:00,30.0,0.046875,PV
2021-10-06T12:46:00,27.857142856533333,0.046875,PV
2021-10-06T12:47:00,25.714285715200003,0.046875,PV
2021-10-06T12:48:00,23.571428571733335,0.046875,PV
2021-10-06T12:49:00,21.428571428266665,0.046875,PV
2021-10-06T12:50:00,19.2857142848,0.046875,PV
2021-10-06T12:51:00,17.142857143466667,0.046875,PV
2021-10-06T12:52:00,15.0,0.046875,PV
2021-10-06T12:53:00,12.857142856533335,0.046875,PV
2021-10-06T12:54:00,10.714285715199999,0.046875,PV
2021-10-06T12:55:00,8.571428571733334,0.046875,PV
2021-10-06T12:56:00,6.428571428266667,0.046875,PV
2021-10-06T12:57:00,4.2857142848,0.046875,PV
2021-10-06T12:58:00,2.142857143466667,0.046875,PV
2021-10-06T12:59:00,0.0,0.046875,PV
2021-10-06T13:00:00,30.0,0.046875,PV
2021-10-06T13:00:00,30.0,9223372036854775807,Market Maker
2021-10-06T13:00:00,30.0,0.046875,PV
2021-10-06T13:01:00,27.857142856533333,0.046875,PV
2021-10-06T13:02:00,25.714285715200003,0.046875,PV
2021-10-06T13:03:00,23.571428571733335,0.046875,PV
2021-10-06T13:04:00,21.428571428266665,0.046875,PV
2021-10-06T13:05:00,19.2857142848,0.046875,PV
2021-10-06T13:06:00,17.142857143466667,0.046875,PV
2021-10-06T13:07:00,15.0,0.046875,PV
2021-10-06T13:08:00,12.857142856533335,0.046875,PV
2021-10-06T13:09:00,10.714285715199999,0.046875,PV
2021-10-06T13:10:00,8.571428571733334,0.046875,PV
2021-10-06T13:11:00,6.428571428266667,0.046875,PV
2021-10-06T13:12:00,4.2857142848,0.046875,PV
2021-10-06T13:13:00,2.142857143466667,0.046875,PV
2021-10-06T13:14:00,0.0,0.046875,PV
2021-10-06T13:15:00,30.0,9223372036854775807,Market Maker
2021-10-06T13:15:00,30.0,0.0375,PV
2021-10-06T13:15:00,30.0,0.0375,PV
2021-10-06T13:16:00,27.857142856,0.0375,PV
2021-10-06T13:17:00,25.714285714666666,0.0375,PV
2021-10-06T13:18:00,23.57142857066667,0.0375,PV
2021-10-06T13:19:00,21.428571429333335,0.0375,PV
2021-10-06T13:20:00,19.285714285333334,0.0375,PV
2021-10-06T13:21:00,17.142857144,0.0375,PV
2021-10-06T13:22:00,15.0,0.0375,PV
2021-10-06T13:23:00,12.857142856,0.0375,PV
2021-10-06T13:24:00,10.714285714666667,0.0375,PV
2021-10-06T13:25:00,8.571428570666667,0.0375,PV
2021-10-06T13:26:00,6.428571429333333,0.0375,PV
2021-10-06T13:27:00,4.285714285333333,0.0375,PV
2021-10-06T13:28:00,2.142857144,0.0375,PV
2021-10-06T13:29:00,0.0,0.0375,PV
2021-10-06T13:30:00,30.0,9223372036854775807,Market Maker
2021-10-06T13:30:00,30.000000000000004,0.04375,PV
2021-10-06T13:30:00,30.000000000000004,0.04375,PV
2021-10-06T13:31:00,27.857142857142858,0.04375,PV
2021-10-06T13:32:00,25.714285714285715,0.04375,PV
2021-10-06T13:33:00,23.571428571428573,0.04375,PV
2021-10-06T13:34:00,21.42857142857143,0.04375,PV
2021-10-06T13:35:00,19.28571428571429,0.04375,PV
2021-10-06T13:36:00,17.142857142857142,0.04375,PV
2021-10-06T13:37:00,15.000000000000002,0.04375,PV
2021-10-06T13:38:00,12.857142857142858,0.04375,PV
2021-10-06T13:39:00,10.714285714285715,0.04375,PV
2021-10-06T13:40:00,8.571428571428571,0.04375,PV
2021-10-06T13:41:00,6.428571428571429,0.04375,PV
2021-10-06T13:42:00,4.285714285714286,0.04375,PV
2021-10-06T13:43:00,2.142857142857143,0.04375,PV
2021-10-06T13:44:00,0.0,0.04375,PV
2021-10-06T13:45:00,30.0,9223372036854775807,Market Maker
2021-10-06T13:45:00,30.0,0.040625,PV
2021-10-06T13:45:00,30.0,0.040625,PV
2021-10-06T13:46:00,27.857142857846153,0.040625,PV
2021-10-06T13:47:00,25.714285713230765,0.040625,PV
2021-10-06T13:48:00,23.571428571076922,0.040625,PV
2021-10-06T13:49:00,21.428571428923075,0.040625,PV
2021-10-06T13:50:00,19.285714286769227,0.040625,PV
2021-10-06T13:51:00,17.142857142153847,0.040625,PV
2021-10-06T13:52:00,15.0,0.040625,PV
2021-10-06T13:53:00,12.857142857846153,0.040625,PV
2021-10-06T13:54:00,10.714285713230769,0.040625,PV
2021-10-06T13:55:00,8.571428571076924,0.040625,PV
2021-10-06T13:56:00,6.428571428923076,0.040625,PV
2021-10-06T13:57:00,4.285714286769231,0.040625,PV
2021-10-06T13:58:00,2.1428571421538463,0.040625,PV
2021-10-06T13:59:00,0.0,0.040625,PV
2021-10-06T14:00:00,30.000000000000004,0.04375,PV
2021-10-06T14:00:00,30.0,9223372036854775807,Market Maker
2021-10-06T14:00:00,30.000000000000004,0.04375,PV
2021-10-06T14:01:00,27.857142857142858,0.04375,PV
2021-10-06T14:02:00,25.714285714285715,0.04375,PV
2021-10-06T14:03:00,23.571428571428573,0.04375,PV
2021-10-06T14:04:00,21.42857142857143,0.04375,PV
2021-10-06T14:05:00,19.28571428571429,0.04375,PV
2021-10-06T14:06:00,17.142857142857142,0.04375,PV
2021-10-06T14:07:00,15.000000000000002,0.04375,PV
2021-10-06T14:08:00,12.857142857142858,0.04375,PV
2021-10-06T14:09:00,10.714285714285715,0.04375,PV
2021-10-06T14:10:00,8.571428571428571,0.04375,PV
2021-10-06T14:11:00,6.428571428571429,0.04375,PV
2021-10-06T14:12:00,4.285714285714286,0.04375,PV
2021-10-06T14:13:00,2.142857142857143,0.04375,PV
2021-10-06T14:14:00,0.0,0.04375,PV
2021-10-06T14:15:00,30.0,9223372036854775807,Market Maker
2021-10-06T14:15:00,29.999999999999996,0.034375,PV
2021-10-06T14:15:00,29.999999999999996,0.034375,PV
2021-10-06T14:16:00,27.857142856727272,0.034375,PV
2021-10-06T14:17:00,25.714285713454544,0.034375,PV
2021-10-06T14:18:00,23.57142857018182,0.034375,PV
2021-10-06T14:19:00,21.428571429818177,0.034375,PV
2021-10-06T14:20:00,19.285714286545453,0.034375,PV
2021-10-06T14:21:00,17.142857143272725,0.034375,PV
2021-10-06T14:22:00,14.999999999999998,0.034375,PV
2021-10-06T14:23:00,12.857142856727272,0.034375,PV
2021-10-06T14:24:00,10.714285713454544,0.034375,PV
2021-10-06T14:25:00,8.571428570181817,0.034375,PV
2021-10-06T14:26:00,6.428571429818182,0.034375,PV
2021-10-06T14:27:00,4.2857142865454545,0.034375,PV
2021-10-06T14:28:00,2.1428571432727272,0.034375,PV
2021-10-06T14:29:00,0.0,0.034375,PV
2021-10-06T14:30:00,30.0,0.03125,PV
2021-10-06T14:30:00,30.0,9223372036854775807,Market Maker
2021-10-06T14:30:00,30.0,0.03125,PV
2021-10-06T14:31:00,27.8571428576,0.03125,PV
2021-10-06T14:32:00,25.7142857152,0.03125,PV
2021-10-06T14:33:00,23.5714285728,0.03125,PV
2021-10-06T14:34:00,21.4285714272,0.03125,PV
2021-10-06T14:35:00,19.2857142848,0.03125,PV
2021-10-06T14:36:00,17.1428571424,0.03125,PV
2021-10-06T14:37:00,15.0,0.03125,PV
2021-10-06T14:38:00,12.8571428576,0.03125,PV
2021-10-06T14:39:00,10.7142857152,0.03125,PV
2021-10-06T14:40:00,8.5714285728,0.03125,PV
2021-10-06T14:41:00,6.4285714272,0.03125,PV
2021-10-06T14:42:00,4.2857142848,0.03125,PV
2021-10-06T14:43:00,2.1428571424,0.03125,PV
2021-10-06T14:44:00,0.0,0.03125,PV
2021-10-06T14:45:00,29.999999999999996,0.034375,PV
2021-10-06T14:45:00,30.0,9223372036854775807,Market Maker
2021-10-06T14:45:00,29.999999999999996,0.034375,PV
2021-10-06T14:46:00,27.857142856727272,0.034375,PV
2021-10-06T14:47:00,25.714285713454544,0.034375,PV
2021-10-06T14:48:00,23.57142857018182,0.034375,PV
2021-10-06T14:49:00,21.428571429818177,0.034375,PV
2021-10-06T14:50:00,19.285714286545453,0.034375,PV
2021-10-06T14:51:00,17.142857143272725,0.034375,PV
2021-10-06T14:52:00,14.999999999999998,0.034375,PV
2021-10-06T14:53:00,12.857142856727272,0.034375,PV
2021-10-06T14:54:00,10.714285713454544,0.034375,PV
2021-10-06T14:55:00,8.571428570181817,0.034375,PV
2021-10-06T14:56:00,6.428571429818182,0.034375,PV
2021-10-06T14:57:00,4.2857142865454545,0.034375,PV
2021-10-06T14:58:00,2.1428571432727272,0.034375,PV
2021-10-06T14:59:00,0.0,0.034375,PV
2021-10-06T15:00:00,30.0,0.03125,PV
2021-10-06T15:00:00,30.0,9223372036854775807,Market Maker
2021-10-06T15:00:00,30.0,0.03125,PV
2021-10-06T15:01:00,27.8571428576,0.03125,PV
2021-10-06T15:02:00,25.7142857152,0.03125,PV
2021-10-06T15:03:00,23.5714285728,0.03125,PV
2021-10-06T15:04:00,21.4285714272,0.03125,PV
2021-10-06T15:05:00,19.2857142848,0.03125,PV
2021-10-06T15:06:00,17.1428571424,0.03125,PV
2021-10-06T15:07:00,15.0,0.03125,PV
2021-10-06T15:08:00,12.8571428576,0.03125,PV
2021-10-06T15:09:00,10.7142857152,0.03125,PV
2021-10-06T15:10:00,8.5714285728,0.03125,PV
2021-10-06T15:11:00,6.4285714272,0.03125,PV
2021-10-06T15:12:00,4.2857142848,0.03125,PV
2021-10-06T15:13:00,2.1428571424,0.03125,PV
2021-10-06T15:14:00,0.0,0.03125,PV
2021-10-06T15:15:00,30.0,9223372036854775807,Market Maker
2021-10-06T15:15:00,30.0,0.028125,PV
2021-10-06T15:15:00,30.0,0.028125,PV
2021-10-06T15:16:00,27.857142858666663,0.028125,PV
2021-10-06T15:17:00,25.714285713777777,0.028125,PV
2021-10-06T15:18:00,23.571428572444443,0.028125,PV
2021-10-06T15:19:00,21.428571427555557,0.028125,PV
2021-10-06T15:20:00,19.28571428622222,0.028125,PV
2021-10-06T15:21:00,17.142857141333334,0.028125,PV
2021-10-06T15:22:00,15.0,0.028125,PV
2021-10-06T15:23:00,12.857142858666666,0.028125,PV
2021-10-06T15:24:00,10.714285713777778,0.028125,PV
2021-10-06T15:25:00,8.571428572444445,0.028125,PV
2021-10-06T15:26:00,6.428571427555555,0.028125,PV
2021-10-06T15:27:00,4.285714286222222,0.028125,PV
2021-10-06T15:28:00,2.1428571413333333,0.028125,PV
2021-10-06T15:29:00,0.0,0.028125,PV
2021-10-06T15:30:00,30.0,9223372036854775807,Market Maker
2021-10-06T15:30:00,30.0,0.03125,PV
2021-10-06T15:30:00,30.0,0.03125,PV
2021-10-06T15:31:00,27.8571428576,0.03125,PV
2021-10-06T15:32:00,25.7142857152,0.03125,PV
2021-10-06T15:33:00,23.5714285728,0.03125,PV
2021-10-06T15:34:00,21.4285714272,0.03125,PV
2021-10-06T15:35:00,19.2857142848,0.03125,PV
2021-10-06T15:36:00,17.1428571424,0.03125,PV
2021-10-06T15:37:00,15.0,0.03125,PV
2021-10-06T15:38:00,12.8571428576,0.03125,PV
2021-10-06T15:39:00,10.7142857152,0.03125,PV
2021-10-06T15:40:00,8.5714285728,0.03125,PV
2021-10-06T15:41:00,6.4285714272,0.03125,PV
2021-10-06T15:42:00,4.2857142848,0.03125,PV
2021-10-06T15:43:00,2.1428571424,0.03125,PV
2021-10-06T15:44:00,0.0,0.03125,PV
2021-10-06T15:45:00,30.0,0.028125,PV
2021-10-06T15:45:00,30.0,9223372036854775807,Market Maker
2021-10-06T15:45:00,30.0,0.028125,PV
2021-10-06T15:46:00,27.857142858666663,0.028125,PV
2021-10-06T15:47:00,25.714285713777777,0.028125,PV
2021-10-06T15:48:00,23.571428572444443,0.028125,PV
2021-10-06T15:49:00,21.428571427555557,0.028125,PV
2021-10-06T15:50:00,19.28571428622222,0.028125,PV
2021-10-06T15:51:00,17.142857141333334,0.028125,PV
2021-10-06T15:52:00,15.0,0.028125,PV
2021-10-06T15:53:00,12.857142858666666,0.028125,PV
2021-10-06T15:54:00,10.714285713777778,0.028125,PV
2021-10-06T15:55:00,8.571428572444445,0.028125,PV
2021-10-06T15:56:00,6.428571427555555,0.028125,PV
2021-10-06T15:57:00,4.285714286222222,0.028125,PV
2021-10-06T15:58:00,2.1428571413333333,0.028125,PV
2021-10-06T15:59:00,0.0,0.028125,PV
2021-10-06T16:00:00,30.0,0.028125,PV
2021-10-06T16:00:00,30.0,9223372036854775807,Market Maker
2021-10-06T16:00:00,30.0,0.028125,PV
2021-10-06T16:01:00,27.857142858666663,0.028125,PV
2021-10-06T16:02:00,25.714285713777777,0.028125,PV
2021-10-06T16:03:00,23.571428572444443,0.028125,PV
2021-10-06T16:04:00,21.428571427555557,0.028125,PV
2021-10-06T16:05:00,19.28571428622222,0.028125,PV
2021-10-06T16:06:00,17.142857141333334,0.028125,PV
2021-10-06T16:07:00,15.0,0.028125,PV
2021-10-06T16:08:00,12.857142858666666,0.028125,PV
2021-10-06T16:09:00,10.714285713777778,0.028125,PV
2021-10-06T16:10:00,8.571428572444445,0.028125,PV
2021-10-06T16:11:00,6.428571427555555,0.028125,PV
2021-10-06T16:12:00,4.285714286222222,0.028125,PV
2021-10-06T16:13:00,2.1428571413333333,0.028125,PV
2021-10-06T16:14:00,0.0,0.028125,PV
2021-10-06T16:15:00,30.0,0.01875,PV
2021-10-06T16:15:00,30.0,9223372036854775807,Market Maker
2021-10-06T16:15:00,30.0,0.01875,PV
2021-10-06T16:16:00,27.857142858666666,0.01875,PV
2021-10-06T16:17:00,25.714285712,0.01875,PV
2021-10-06T16:18:00,23.57142857066667,0.01875,PV
2021-10-06T16:19:00,21.428571429333335,0.01875,PV
2021-10-06T16:20:00,19.285714288,0.01875,PV
2021-10-06T16:21:00,17.142857141333334,0.01875,PV
2021-10-06T16:22:00,15.0,0.01875,PV
2021-10-06T16:23:00,12.857142858666666,0.01875,PV
2021-10-06T16:24:00,10.714285712,0.01875,PV
2021-10-06T16:25:00,8.571428570666667,0.01875,PV
2021-10-06T16:26:00,6.428571429333333,0.01875,PV
2021-10-06T16:27:00,4.285714288,0.01875,PV
2021-10-06T16:28:00,2.1428571413333337,0.01875,PV
2021-10-06T16:29:00,0.0,0.01875,PV
2021-10-06T16:30:00,30.0,9223372036854775807,Market Maker
2021-10-06T16:30:00,30.0,0.01875,PV
2021-10-06T16:30:00,30.0,0.01875,PV
2021-10-06T16:31:00,27.857142858666666,0.01875,PV
2021-10-06T16:32:00,25.714285712,0.01875,PV
2021-10-06T16:33:00,23.57142857066667,0.01875,PV
2021-10-06T16:34:00,21.428571429333335,0.01875,PV
2021-10-06T16:35:00,19.285714288,0.01875,PV
2021-10-06T16:36:00,17.142857141333334,0.01875,PV
2021-10-06T16:37:00,15.0,0.01875,PV
2021-10-06T16:38:00,12.857142858666666,0.01875,PV
2021-10-06T16:39:00,10.714285712,0.01875,PV
2021-10-06T16:40:00,8.571428570666667,0.01875,PV
2021-10-06T16:41:00,6.428571429333333,0.01875,PV
2021-10-06T16:42:00,4.285714288,0.01875,PV
2021-10-06T16:43:00,2.1428571413333337,0.01875,PV
2021-10-06T16:44:00,0.0,0.01875,PV
2021-10-06T16:45:00,30.0,9223372036854775807,Market Maker
2021-10-06T16:45:00,30.0,0.015625,PV
2021-10-06T16:45:00,30.0,0.015625,PV
2021-10-06T16:46:00,27.8571428544,0.015625,PV
2021-10-06T16:47:00,25.7142857152,0.015625,PV
2021-10-06T16:48:00,23.5714285696,0.015625,PV
2021-10-06T16:49:00,21.4285714304,0.015625,PV
2021-10-06T16:50:00,19.2857142848,0.015625,PV
2021-10-06T16:51:00,17.1428571456,0.015625,PV
2021-10-06T16:52:00,15.0,0.015625,PV
2021-10-06T16:53:00,12.8571428544,0.015625,PV
2021-10-06T16:54:00,10.7142857152,0.015625,PV
2021-10-06T16:55:00,8.5714285696,0.015625,PV
2021-10-06T16:56:00,6.4285714304,0.015625,PV
2021-10-06T16:57:00,4.2857142848,0.015625,PV
2021-10-06T16:58:00,2.1428571456,0.015625,PV
2021-10-06T16:59:00,0.0,0.015625,PV
2021-10-06T17:00:00,30.0,9223372036854775807,Market Maker
2021-10-06T17:00:00,30.0,0.01875,PV
2021-10-06T17:00:00,30.0,0.01875,PV
2021-10-06T17:01:00,27.857142858666666,0.01875,PV
2021-10-06T17:02:00,25.714285712,0.01875,PV
2021-10-06T17:03:00,23.57142857066667,0.01875,PV
2021-10-06T17:04:00,21.428571429333335,0.01875,PV
2021-10-06T17:05:00,19.285714288,0.01875,PV
2021-10-06T17:06:00,17.142857141333334,0.01875,PV
2021-10-06T17:07:00,15.0,0.01875,PV
2021-10-06T17:08:00,12.857142858666666,0.01875,PV
2021-10-06T17:09:00,10.714285712,0.01875,PV
2021-10-06T17:10:00,8.571428570666667,0.01875,PV
2021-10-06T17:11:00,6.428571429333333,0.01875,PV
2021-10-06T17:12:00,4.285714288,0.01875,PV
2021-10-06T17:13:00,2.1428571413333337,0.01875,PV
2021-10-06T17:14:00,0.0,0.01875,PV
2021-10-06T17:15:00,30.0,0.00625,PV
2021-10-06T17:15:00,30.0,9223372036854775807,Market Maker
2021-10-06T17:15:00,30.0,0.00625,PV
2021-10-06T17:16:00,27.857142864,0.00625,PV
2021-10-06T17:17:00,25.714285711999995,0.00625,PV
2021-10-06T17:18:00,23.571428576,0.00625,PV
2021-10-06T17:19:00,21.428571423999998,0.00625,PV
2021-10-06T17:20:00,19.285714287999998,0.00625,PV
2021-10-06T17:21:00,17.142857136,0.00625,PV
2021-10-06T17:22:00,15.0,0.00625,PV
2021-10-06T17:23:00,12.857142863999998,0.00625,PV
2021-10-06T17:24:00,10.714285711999999,0.00625,PV
2021-10-06T17:25:00,8.571428575999999,0.00625,PV
2021-10-06T17:26:00,6.428571424,0.00625,PV
2021-10-06T17:27:00,4.285714287999999,0.00625,PV
2021-10-06T17:28:00,2.142857136,0.00625,PV
2021-10-06T17:29:00,0.0,0.00625,PV
2021-10-06T17:30:00,30.0,9223372036854775807,Market Maker
2021-10-06T17:30:00,30.0,0.00625,PV
2021-10-06T17:30:00,30.0,0.00625,PV
2021-10-06T17:31:00,27.857142864,0.00625,PV
2021-10-06T17:32:00,25.714285711999995,0.00625,PV
2021-10-06T17:33:00,23.571428576,0.00625,PV
2021-10-06T17:34:00,21.428571423999998,0.00625,PV
2021-10-06T17:35:00,19.285714287999998,0.00625,PV
2021-10-06T17:36:00,17.142857136,0.00625,PV
2021-10-06T17:37:00,15.0,0.00625,PV
2021-10-06T17:38:00,12.857142863999998,0.00625,PV
2021-10-06T17:39:00,10.714285711999999,0.00625,PV
2021-10-06T17:40:00,8.571428575999999,0.00625,PV
2021-10-06T17:41:00,6.428571424,0.00625,PV
2021-10-06T17:42:00,4.285714287999999,0.00625,PV
2021-10-06T17:43:00,2.142857136,0.00625,PV
2021-10-06T17:44:00,0.0,0.00625,PV
2021-10-06T17:45:00,30.0,0.00625,PV
2021-10-06T17:45:00,30.0,9223372036854775807,Market Maker
2021-10-06T17:45:00,30.0,0.00625,PV
2021-10-06T17:46:00,27.857142864,0.00625,PV
2021-10-06T17:47:00,25.714285711999995,0.00625,PV
2021-10-06T17:48:00,23.571428576,0.00625,PV
2021-10-06T17:49:00,21.428571423999998,0.00625,PV
2021-10-06T17:50:00,19.285714287999998,0.00625,PV
2021-10-06T17:51:00,17.142857136,0.00625,PV
2021-10-06T17:52:00,15.0,0.00625,PV
2021-10-06T17:53:00,12.857142863999998,0.00625,PV
2021-10-06T17:54:00,10.714285711999999,0.00625,PV
2021-10-06T17:55:00,8.571428575999999,0.00625,PV
2021-10-06T17:56:00,6.428571424,0.00625,PV
2021-10-06T17:57:00,4.285714287999999,0.00625,PV
2021-10-06T17:58:00,2.142857136,0.00625,PV
2021-10-06T17:59:00,0.0,0.00625,PV
2021-10-06T18:00:00,30.0,9223372036854775807,Market Maker
2021-10-06T18:00:00,30.0,0.00625,PV
2021-10-06T18:00:00,30.0,0.00625,PV
2021-10-06T18:01:00,27.857142864,0.00625,PV
2021-10-06T18:02:00,25.714285711999995,0.00625,PV
2021-10-06T18:03:00,23.571428576,0.00625,PV
2021-10-06T18:04:00,21.428571423999998,0.00625,PV
2021-10-06T18:05:00,19.285714287999998,0.00625,PV
2021-10-06T18:06:00,17.142857136,0.00625,PV
2021-10-06T18:07:00,15.0,0.00625,PV
2021-10-06T18:08:00,12.857142863999998,0.00625,PV
2021-10-06T18:09:00,10.714285711999999,0.00625,PV
2021-10-06T18:10:00,8.571428575999999,0.00625,PV
2021-10-06T18:11:00,6.428571424,0.00625,PV
2021-10-06T18:12:00,4.285714287999999,0.00625,PV
2021-10-06T18:13:00,2.142857136,0.00625,PV
2021-10-06T18:14:00,0.0,0.00625,PV
2021-10-06T18:15:00,30.0,9223372036854775807,Market Maker
2021-10-06T18:15:00,30.0,0.003125,PV
2021-10-06T18:15:00,30.0,0.003125,PV
2021-10-06T18:16:00,27.857142848,0.003125,PV
2021-10-06T18:17:00,25.714285727999997,0.003125,PV
2021-10-06T18:18:00,23.571428576,0.003125,PV
2021-10-06T18:19:00,21.428571423999998,0.003125,PV
2021-10-06T18:20:00,19.285714272,0.003125,PV
2021-10-06T18:21:00,17.142857151999998,0.003125,PV
2021-10-06T18:22:00,15.0,0.003125,PV
2021-10-06T18:23:00,12.857142848,0.003125,PV
2021-10-06T18:24:00,10.714285727999998,0.003125,PV
2021-10-06T18:25:00,8.571428575999999,0.003125,PV
2021-10-06T18:26:00,6.428571424,0.003125,PV
2021-10-06T18:27:00,4.285714272,0.003125,PV
2021-10-06T18:28:00,2.142857152,0.003125,PV
2021-10-06T18:29:00,0.0,0.003125,PV
2021-10-06T18:30:00,30.0,0.003125,PV
2021-10-06T18:30:00,30.0,9223372036854775807,Market Maker
2021-10-06T18:30:00,30.0,0.003125,PV
2021-10-06T18:31:00,27.857142848,0.003125,PV
2021-10-06T18:32:00,25.714285727999997,0.003125,PV
2021-10-06T18:33:00,23.571428576,0.003125,PV
2021-10-06T18:34:00,21.428571423999998,0.003125,PV
2021-10-06T18:35:00,19.285714272,0.003125,PV
2021-10-06T18:36:00,17.142857151999998,0.003125,PV
2021-10-06T18:37:00,15.0,0.003125,PV
2021-10-06T18:38:00,12.857142848,0.003125,PV
2021-10-06T18:39:00,10.714285727999998,0.003125,PV
2021-10-06T18:40:00,8.571428575999999,0.003125,PV
2021-10-06T18:41:00,6.428571424,0.003125,PV
2021-10-06T18:42:00,4.285714272,0.003125,PV
2021-10-06T18:43:00,2.142857152,0.003125,PV
2021-10-06T18:44:00,0.0,0.003125,PV
2021-10-06T18:45:00,30.0,0.003125,PV
2021-10-06T18:45:00,30.0,9223372036854775807,Market Maker
2021-10-06T18:45:00,30.0,0.003125,PV
2021-10-06T18:46:00,27.857142848,0.003125,PV
2021-10-06T18:47:00,25.714285727999997,0.003125,PV
2021-10-06T18:48:00,23.571428576,0.003125,PV
2021-10-06T18:49:00,21.428571423999998,0.003125,PV
2021-10-06T18:50:00,19.285714272,0.003125,PV
2021-10-06T18:51:00,17.142857151999998,0.003125,PV
2021-10-06T18:52:00,15.0,0.003125,PV
2021-10-06T18:53:00,12.857142848,0.003125,PV
2021-10-06T18:54:00,10.714285727999998,0.003125,PV
2021-10-06T18:55:00,8.571428575999999,0.003125,PV
2021-10-06T18:56:00,6.428571424,0.003125,PV
2021-10-06T18:57:00,4.285714272,0.003125,PV
2021-10-06T18:58:00,2.142857152,0.003125,PV
2021-10-06T18:59:00,0.0,0.003125,PV
2021-10-06T19:00:00,30.0,0.003125,PV
2021-10-06T19:00:00,30.0,9223372036854775807,Market Maker
2021-10-06T19:00:00,30.0,0.003125,PV
2021-10-06T19:01:00,27.857142848,0.003125,PV
2021-10-06T19:02:00,25.714285727999997,0.003125,PV
2021-10-06T19:03:00,23.571428576,0.003125,PV
2021-10-06T19:04:00,21.428571423999998,0.003125,PV
2021-10-06T19:05:00,19.285714272,0.003125,PV
2021-10-06T19:06:00,17.142857151999998,0.003125,PV
2021-10-06T19:07:00,15.0,0.003125,PV
2021-10-06T19:08:00,12.857142848,0.003125,PV
2021-10-06T19:09:00,10.714285727999998,0.003125,PV
2021-10-06T19:10:00,8.571428575999999,0.003125,PV
2021-10-06T19:11:00,6.428571424,0.003125,PV
2021-10-06T19:12:00,4.285714272,0.003125,PV
2021-10-06T19:13:00,2.142857152,0.003125,PV
2021-10-06T19:14:00,0.0,0.003125,PV
2021-10-06T19:15:00,30.0,9223372036854775807,Market Maker
2021-10-06T19:30:00,30.0,9223372036854775807,Market Maker
2021-10-06T19:45:00,30.0,9223372036854775807,Market Maker
2021-10-06T20:00:00,30.0,9223372036854775807,Market Maker
2021-10-06T20:15:00,30.0,9223372036854775807,Market Maker
2021-10-06T20:30:00,30.0,9223372036854775807,Market Maker
2021-10-06T20:45:00,30.0,9223372036854775807,Market Maker
2021-10-06T21:00:00,30.0,9223372036854775807,Market Maker
2021-10-06T21:15:00,30.0,9223372036854775807,Market Maker
2021-10-06T21:30:00,30.0,9223372036854775807,Market Maker
2021-10-06T21:45:00,30.0,9223372036854775807,Market Maker
2021-10-06T22:00:00,30.0,9223372036854775807,Market Maker
2021-10-06T22:15:00,30.0,9223372036854775807,Market Maker
2021-10-06T22:30:00,30.0,9223372036854775807,Market Maker
2021-10-06T22:45:00,30.0,9223372036854775807,Market Maker
2021-10-06T23:00:00,30.0,9223372036854775807,Market Maker
2021-10-06T23:15:00,30.0,9223372036854775807,Market Maker
2021-10-06T23:30:00,30.0,9223372036854775807,Market Maker
2021-10-06T23:45:00,30.0,9223372036854775807,Market Maker
